Company Name,Sales,Operating Income,Net Income,Operating CF,,단위: 억 원
리노공업,"1,504 ",575 ,486 ,577 ,<-,18년
,"1,703 ",641 ,528 ,454 ,<-,19년
,"2,013 ",779 ,554 ,998 ,<-,20년
,"2,802 ","1,171 ","1,038 ","1,306 ",<-,21년
,"3,224 ","1,366 ","1,144 ","1,086 ",<-,22년
원익IPS,"6,493 ","1,059 ",869 ,466 ,<-,18년
,"6,692 ",411 ,429 ,-162 ,<-,19년
,"10,909 ","1,406 ",978 ,"2,251 ",<-,20년
,"12,323 ","1,641 ","1,451 ","1,373 ",<-,21년
,"10,115 ",976 ,894 ,280 ,<-,22년
동진쎄미켐,"8,272 ",710 ,480 ,623 ,<-,18년
,"8,753 ","1,049 ",587 ,"1,087 ",<-,19년
,"9,378 ","1,263 ",853 ,"1,302 ",<-,20년
,"11,613 ","1,318 ","1,029 ",761 ,<-,21년
,"14,572 ","2,163 ","1,562 ","1,901 ",<-,22년
에스에프에이,"15,601 ","2,344 ","1,697 ",382 ,<-,18년
,"15,777 ","2,142 ","1,470 ",77 ,<-,19년
,"15,512 ","1,673 ","1,186 ","3,351 ",<-,20년
,"15,649 ","1,889 ","1,483 ",563 ,<-,21년
,"16,844 ","1,609 ","1,060 ","1,752 ",<-,22년
클래시스,475 ,175 ,149 ,160 ,<-,18년
,811 ,417 ,334 ,390 ,<-,19년
,765 ,406 ,382 ,381 ,<-,20년
,"1,006 ",517 ,438 ,364 ,<-,21년
,"1,418 ",689 ,754 ,548 ,<-,22년
피엔티,"2,567 ",38 ,7 ,-143 ,<-,18년
,"3,214 ",15 ,-30 ,44 ,<-,19년
,"3,900 ",553 ,344 ,270 ,<-,20년
,"3,777 ",544 ,527 ,419 ,<-,21년
,"4,178 ",778 ,597 ,352 ,<-,22년
동화기업,"7,600 ",841 ,510 ,"1,162 ",<-,18년
,"7,174 ",585 ,434 ,396 ,<-,19년
,"7,449 ",668 ,403 ,"1,364 ",<-,20년
,"9,324 ","1,049 ",560 ,"1,209 ",<-,21년
,"11,004 ",724 ,433 ,258 ,<-,22년
티씨케이,"1,705 ",591 ,469 ,396 ,<-,18년
,"1,714 ",592 ,468 ,362 ,<-,19년
,"2,282 ",803 ,605 ,659 ,<-,20년
,"2,708 ","1,034 ",819 ,786 ,<-,21년
,"3,196 ","1,270 ",941 ,873 ,<-,22년
미래나노텍,"2,781 ",39 ,69 ,20 ,<-,18년
,"2,930 ",29 ,17 ,-43 ,<-,19년
,"4,036 ",320 ,210 ,4 ,<-,20년
,"4,582 ",236 ,234 ,314 ,<-,21년
,"4,903 ",97 ,-72 ,-239 ,<-,22년
심텍,"10,075 ",308 ,23 ,905 ,<-,18년
,"10,002 ",-179 ,-394 ,-316 ,<-,19년
,"12,014 ",897 ,565 ,"2,155 ",<-,20년
,"13,658 ","1,743 ","1,183 ","1,146 ",<-,21년
,"16,975 ","3,524 ","2,461 ","4,355 ",<-,22년
SFA반도체,"4,579 ",337 ,133 ,363 ,<-,18년
,"5,889 ",391 ,208 ,795 ,<-,19년
,"5,731 ",343 ,176 ,833 ,<-,20년
,"6,411 ",665 ,551 ,"1,016 ",<-,21년
,"6,994 ",629 ,454 ,949 ,<-,22년
포스코엠텍,"3,010 ",190 ,141 ,98 ,<-,18년
,"2,887 ",131 ,106 ,80 ,<-,19년
,"2,554 ",116 ,94 ,126 ,<-,20년
,"3,239 ",164 ,131 ,34 ,<-,21년
,"3,422 ",64 ,48 ,-79 ,<-,22년
하나머티리얼즈,"1,652 ",494 ,362 ,443 ,<-,18년
,"1,548 ",409 ,277 ,403 ,<-,19년
,"2,007 ",531 ,380 ,709 ,<-,20년
,"2,711 ",823 ,667 ,966 ,<-,21년
,"3,073 ",937 ,801 ,826 ,<-,22년
파마리서치,643 ,87 ,113 ,52 ,<-,18년
,839 ,191 ,149 ,193 ,<-,19년
,"1,087 ",334 ,325 ,324 ,<-,20년
,"1,541 ",525 ,468 ,653 ,<-,21년
,"1,948 ",659 ,434 ,594 ,<-,22년
이녹스첨단소재,"2,931 ",383 ,305 ,514 ,<-,18년
,"3,493 ",465 ,345 ,444 ,<-,19년
,"3,363 ",438 ,252 ,328 ,<-,20년
,"4,873 ",967 ,802 ,608 ,<-,21년
,"4,894 ",971 ,854 ,925 ,<-,22년
비에이치,"7,679 ",910 ,839 ,"1,615 ",<-,18년
,"6,549 ",626 ,566 ,707 ,<-,19년
,"7,214 ",340 ,259 ,202 ,<-,20년
,"10,370 ",711 ,817 ,331 ,<-,21년
,"16,811 ","1,313 ","1,407 ","1,974 ",<-,22년
에스피지,"3,054 ",121 ,80 ,92 ,<-,18년
,"3,152 ",103 ,68 ,82 ,<-,19년
,"3,548 ",181 ,141 ,148 ,<-,20년
,"4,163 ",235 ,229 ,-156 ,<-,21년
,"4,405 ",255 ,197 ,223 ,<-,22년
인탑스,"7,156 ",342 ,376 ,619 ,<-,18년
,"9,105 ",707 ,604 ,"1,020 ",<-,19년
,"7,778 ",650 ,547 ,430 ,<-,20년
,"10,520 ",876 ,808 ,"1,006 ",<-,21년
,"11,142 ","1,420 ","1,182 ","1,659 ",<-,22년
동국제약,"4,008 ",551 ,494 ,332 ,<-,18년
,"4,823 ",686 ,590 ,695 ,<-,19년
,"5,591 ",847 ,579 ,591 ,<-,20년
,"5,942 ",632 ,529 ,447 ,<-,21년
,"6,616 ",727 ,548 ,409 ,<-,22년
유진테크,"2,202 ",408 ,207 ,298 ,<-,18년
,"2,055 ",238 ,108 ,521 ,<-,19년
,"2,026 ",223 ,99 ,173 ,<-,20년
,"3,246 ",739 ,632 ,725 ,<-,21년
,"3,106 ",536 ,426 ,389 ,<-,22년
ISC,"1,019 ",123 ,122 ,165 ,<-,18년
,877 ,20 ,32 ,119 ,<-,19년
,"1,218 ",181 ,55 ,248 ,<-,20년
,"1,447 ",375 ,301 ,393 ,<-,21년
,"1,789 ",559 ,439 ,654 ,<-,22년
원익QnC,"2,665 ",412 ,412 ,260 ,<-,18년
,"2,631 ",274 ,36 ,347 ,<-,19년
,"5,256 ",412 ,155 ,990 ,<-,20년
,"6,241 ",868 ,625 ,"1,049 ",<-,21년
,"7,832 ","1,151 ",582 ,646 ,<-,22년
루트로닉,921 ,-51 ,-72 ,-72 ,<-,18년
,"1,153 ",-26 ,-204 ,-44 ,<-,19년
,"1,156 ",62 ,-154 ,128 ,<-,20년
,"1,736 ",298 ,277 ,360 ,<-,21년
,"2,642 ",554 ,452 ,241 ,<-,22년
콜마비앤에이치,"3,864 ",585 ,493 ,220 ,<-,18년
,"4,389 ",741 ,548 ,782 ,<-,19년
,"6,069 ","1,092 ",801 ,771 ,<-,20년
,"5,931 ",916 ,684 ,719 ,<-,21년
,"5,759 ",611 ,404 ,53 ,<-,22년
성우하이텍,"34,569 ",754 ,185 ,"2,709 ",<-,18년
,"33,895 ",734 ,295 ,"3,827 ",<-,19년
,"29,703 ",53 ,-629 ,"3,283 ",<-,20년
,"33,486 ",764 ,390 ,"2,541 ",<-,21년
,"39,770 ",992 ,385 ,"2,000 ",<-,22년
서진시스템,"3,246 ",369 ,323 ,705 ,<-,18년
,"3,924 ",544 ,490 ,-185 ,<-,19년
,"3,219 ",49 ,-58 ,-361 ,<-,20년
,"6,061 ",580 ,386 ,-53 ,<-,21년
,"7,876 ",444 ,16 ,242 ,<-,22년
서울반도체,"11,942 ",949 ,626 ,"1,036 ",<-,18년
,"11,299 ",495 ,358 ,"1,695 ",<-,19년
,"11,531 ",597 ,290 ,898 ,<-,20년
,"13,010 ",632 ,615 ,984 ,<-,21년
,"11,094 ",-334 ,-543 ,"1,557 ",<-,22년
피에스케이,,,,,<-,18년
,"1,546 ",169 ,150 ,177 ,<-,19년
,"2,657 ",316 ,223 ,224 ,<-,20년
,"4,458 ",941 ,767 ,"1,146 ",<-,21년
,"4,609 ",918 ,774 ,463 ,<-,22년
레이크머티리얼즈,353 ,36 ,22 ,23 ,<-,18년
,349 ,26 ,18 ,-2 ,<-,19년
,465 ,47 ,20 ,46 ,<-,20년
,819 ,207 ,181 ,187 ,<-,21년
,"1,315 ",354 ,272 ,170 ,<-,22년
에프에스티,"1,651 ",200 ,169 ,300 ,<-,18년
,"1,257 ",189 ,183 ,171 ,<-,19년
,"1,662 ",248 ,187 ,274 ,<-,20년
,"2,137 ",226 ,282 ,225 ,<-,21년
,"2,234 ",62 ,408 ,-16 ,<-,22년
네패스,"2,733 ",220 ,229 ,417 ,<-,18년
,"3,563 ",616 ,311 ,899 ,<-,19년
,"3,436 ",-36 ,-627 ,463 ,<-,20년
,"4,184 ",-164 ,-292 ,759 ,<-,21년
,"5,880 ",-67 ,945 ,976 ,<-,22년
이엠텍,"2,860 ",212 ,237 ,229 ,<-,18년
,"2,682 ",-56 ,-4 ,208 ,<-,19년
,"2,829 ",21 ,6 ,134 ,<-,20년
,"4,002 ",371 ,341 ,503 ,<-,21년
,"4,158 ",339 ,329 ,297 ,<-,22년
티에스이,"1,844 ",148 ,128 ,281 ,<-,18년
,"1,915 ",207 ,160 ,102 ,<-,19년
,"2,855 ",427 ,294 ,600 ,<-,20년
,"3,077 ",546 ,432 ,462 ,<-,21년
,"3,393 ",566 ,534 ,548 ,<-,22년
상아프론테크,"1,821 ",141 ,121 ,75 ,<-,18년
,"1,862 ",149 ,125 ,35 ,<-,19년
,"1,533 ",74 ,23 ,125 ,<-,20년
,"1,785 ",120 ,93 ,209 ,<-,21년
,"1,812 ",129 ,74 ,156 ,<-,22년
바텍,"2,344 ",394 ,292 ,332 ,<-,18년
,"2,717 ",429 ,356 ,407 ,<-,19년
,"2,443 ",316 ,-218 ,511 ,<-,20년
,"3,390 ",655 ,554 ,441 ,<-,21년
,"3,951 ",796 ,786 ,333 ,<-,22년
파트론,"7,965 ",302 ,112 ,904 ,<-,18년
,"12,546 ","1,052 ",642 ,835 ,<-,19년
,"11,793 ",419 ,206 ,235 ,<-,20년
,"13,127 ",787 ,783 ,"1,641 ",<-,21년
,"12,219 ",568 ,429 ,675 ,<-,22년
코미코,"1,666 ",406 ,303 ,298 ,<-,18년
,"1,735 ",345 ,228 ,389 ,<-,19년
,"2,008 ",356 ,243 ,521 ,<-,20년
,"2,570 ",588 ,472 ,653 ,<-,21년
,"2,884 ",554 ,420 ,787 ,<-,22년
엠아이텍,296 ,51 ,4 ,20 ,<-,18년
,327 ,34 ,37 ,31 ,<-,19년
,402 ,65 ,67 ,39 ,<-,20년
,503 ,132 ,122 ,165 ,<-,21년
,607 ,203 ,191 ,86 ,<-,22년
인터로조,794 ,171 ,146 ,92 ,<-,18년
,926 ,226 ,176 ,235 ,<-,19년
,882 ,151 ,115 ,170 ,<-,20년
,"1,168 ",282 ,190 ,138 ,<-,21년
,"1,269 ",311 ,242 ,120 ,<-,22년
태광,"1,586 ",40 ,100 ,56 ,<-,18년
,"1,898 ",29 ,74 ,-304 ,<-,19년
,"1,884 ",-31 ,-50 ,481 ,<-,20년
,"1,851 ",135 ,185 ,413 ,<-,21년
,"2,497 ",454 ,368 ,463 ,<-,22년
KH바텍,"1,659 ",-68 ,-391 ,-129 ,<-,18년
,"2,036 ",70 ,-116 ,109 ,<-,19년
,"1,850 ",35 ,-138 ,100 ,<-,20년
,"3,398 ",269 ,331 ,754 ,<-,21년
,"3,639 ",325 ,250 ,388 ,<-,22년
인바디,996 ,237 ,196 ,177 ,<-,18년
,"1,171 ",276 ,204 ,242 ,<-,19년
,"1,071 ",191 ,176 ,285 ,<-,20년
,"1,378 ",359 ,340 ,304 ,<-,21년
,"1,600 ",407 ,338 ,304 ,<-,22년
이녹스,578 ,35 ,-316 ,-36 ,<-,18년
,415 ,-51 ,-189 ,32 ,<-,19년
,544 ,106 ,124 ,25 ,<-,20년
,751 ,242 ,545 ,-36 ,<-,21년
,804 ,216 ,136 ,3 ,<-,22년
신흥에스이씨,"2,154 ",141 ,96 ,51 ,<-,18년
,"2,395 ",202 ,160 ,203 ,<-,19년
,"2,801 ",267 ,183 ,317 ,<-,20년
,"3,663 ",311 ,267 ,341 ,<-,21년
,"4,778 ",310 ,196 ,503 ,<-,22년
비츠로셀,"1,126 ",196 ,154 ,171 ,<-,18년
,"1,334 ",253 ,201 ,264 ,<-,19년
,"1,132 ",182 ,141 ,244 ,<-,20년
,"1,132 ",174 ,170 ,252 ,<-,21년
,"1,410 ",288 ,231 ,265 ,<-,22년
휴온스,"3,286 ",453 ,446 ,209 ,<-,18년
,"3,650 ",484 ,374 ,421 ,<-,19년
,"4,067 ",541 ,566 ,465 ,<-,20년
,"4,369 ",453 ,306 ,556 ,<-,21년
,"4,924 ",409 ,226 ,320 ,<-,22년
월덱스,"1,055 ",220 ,175 ,122 ,<-,18년
,"1,174 ",234 ,194 ,280 ,<-,19년
,"1,557 ",358 ,218 ,246 ,<-,20년
,"1,901 ",403 ,334 ,262 ,<-,21년
,"2,559 ",507 ,415 ,223 ,<-,22년
매일유업,"13,006 ",744 ,583 ,615 ,<-,18년
,"13,933 ",853 ,643 ,924 ,<-,19년
,"14,631 ",865 ,577 ,626 ,<-,20년
,"15,519 ",878 ,742 ,"1,006 ",<-,21년
,"16,856 ",607 ,144 ,-29 ,<-,22년
엘비세미콘,"2,757 ",274 ,188 ,685 ,<-,18년
,"3,904 ",504 ,365 ,961 ,<-,19년
,"4,428 ",428 ,316 ,795 ,<-,20년
,"4,962 ",442 ,383 ,"1,099 ",<-,21년
,"5,246 ",568 ,447 ,"1,240 ",<-,22년
원익피앤이,506 ,30 ,32 ,78 ,<-,18년
,651 ,56 ,43 ,15 ,<-,19년
,666 ,68 ,38 ,9 ,<-,20년
,"1,764 ",150 ,195 ,-135 ,<-,21년
,"2,888 ",39 ,0 ,-263 ,<-,22년
톱텍,"3,088 ",82 ,177 ,-276 ,<-,18년
,"1,672 ",-66 ,2 ,-167 ,<-,19년
,"3,220 ",289 ,138 ,-133 ,<-,20년
,"1,649 ",-886 ,"-1,063 ",-275 ,<-,21년
,"3,450 ",208 ,60 ,119 ,<-,22년
켐트로닉스,"3,374 ",94 ,11 ,12 ,<-,18년
,"4,035 ",263 ,166 ,545 ,<-,19년
,"5,300 ",221 ,180 ,123 ,<-,20년
,"5,634 ",385 ,285 ,59 ,<-,21년
,"6,210 ",225 ,62 ,399 ,<-,22년
에이스침대,"2,450 ",403 ,303 ,425 ,<-,18년
,"2,774 ",499 ,442 ,449 ,<-,19년
,"2,895 ",493 ,493 ,576 ,<-,20년
,"3,464 ",768 ,639 ,704 ,<-,21년
,"3,462 ",653 ,544 ,507 ,<-,22년
쎄트렉아이,461 ,56 ,51 ,2 ,<-,18년
,702 ,92 ,74 ,324 ,<-,19년
,892 ,137 ,119 ,135 ,<-,20년
,734 ,13 ,-126 ,-37 ,<-,21년
,914 ,-77 ,-28 ,241 ,<-,22년
원익머트리얼즈,"2,335 ",422 ,412 ,412 ,<-,18년
,"2,208 ",360 ,281 ,384 ,<-,19년
,"2,768 ",459 ,331 ,694 ,<-,20년
,"3,107 ",505 ,528 ,590 ,<-,21년
,"5,813 ",888 ,577 ,-98 ,<-,22년
엠케이전자,"7,065 ","1,737 ","1,332 ",508 ,<-,18년
,"7,316 ","1,267 ",769 ,-297 ,<-,19년
,"8,758 ","1,110 ",801 ,"3,305 ",<-,20년
,"9,580 ","1,085 ","1,187 ","2,704 ",<-,21년
,"10,232 ",803 ,31 ,802 ,<-,22년
동국산업,"7,578 ",148 ,20 ,-93 ,<-,18년
,"6,737 ",329 ,181 ,460 ,<-,19년
,"5,782 ",185 ,81 ,"1,007 ",<-,20년
,"7,291 ",349 ,373 ,-540 ,<-,21년
,"8,605 ",12 ,22 ,-190 ,<-,22년
와이아이케이,"2,432 ",329 ,296 ,443 ,<-,18년
,500 ,-118 ,-121 ,-29 ,<-,19년
,"1,719 ",248 ,205 ,167 ,<-,20년
,"3,113 ",546 ,509 ,505 ,<-,21년
,"2,853 ",364 ,344 ,300 ,<-,22년
제우스,"4,536 ",401 ,310 ,-85 ,<-,18년
,"3,235 ",182 ,142 ,66 ,<-,19년
,"3,600 ",182 ,181 ,355 ,<-,20년
,"4,008 ",249 ,163 ,311 ,<-,21년
,"5,090 ",463 ,352 ,81 ,<-,22년
이랜텍,"4,518 ",13 ,-109 ,-4 ,<-,18년
,"7,290 ",363 ,121 ,471 ,<-,19년
,"6,257 ",150 ,-160 ,514 ,<-,20년
,"7,619 ",355 ,339 ,106 ,<-,21년
,"9,979 ",798 ,547 ,501 ,<-,22년
상신이디피,"1,501 ",157 ,84 ,252 ,<-,18년
,"1,303 ",91 ,48 ,55 ,<-,19년
,"1,517 ",195 ,86 ,226 ,<-,20년
,"1,975 ",197 ,175 ,187 ,<-,21년
,"2,908 ",328 ,245 ,366 ,<-,22년
AP시스템,"7,142 ",458 ,252 ,-492 ,<-,18년
,"4,621 ",284 ,95 ,181 ,<-,19년
,"5,918 ",463 ,250 ,636 ,<-,20년
,"5,287 ",643 ,572 ,632 ,<-,21년
,"4,866 ",905 ,822 ,"1,111 ",<-,22년
쏠리드,"2,226 ",11 ,112 ,-108 ,<-,18년
,"2,293 ",-35 ,54 ,202 ,<-,19년
,"1,711 ",-157 ,-119 ,-58 ,<-,20년
,"2,123 ",61 ,237 ,-340 ,<-,21년
,"2,798 ",286 ,298 ,151 ,<-,22년
신성델타테크,"4,371 ",130 ,40 ,183 ,<-,18년
,"4,488 ",116 ,53 ,64 ,<-,19년
,"4,931 ",134 ,89 ,64 ,<-,20년
,"7,375 ",350 ,327 ,170 ,<-,21년
,"7,934 ",320 ,239 ,-29 ,<-,22년
이엔에프테크놀로지,"4,254 ",356 ,290 ,307 ,<-,18년
,"4,810 ",596 ,467 ,612 ,<-,19년
,"4,866 ",682 ,474 ,740 ,<-,20년
,"5,218 ",260 ,180 ,147 ,<-,21년
,"6,802 ",646 ,450 ,609 ,<-,22년
동성화인텍,"1,881 ",-85 ,-100 ,182 ,<-,18년
,"2,533 ",269 ,169 ,-55 ,<-,19년
,"3,880 ",320 ,213 ,622 ,<-,20년
,"3,650 ",302 ,265 ,-56 ,<-,21년
,"4,342 ",153 ,84 ,97 ,<-,22년
뷰웍스,"1,314 ",226 ,208 ,278 ,<-,18년
,"1,360 ",264 ,243 ,187 ,<-,19년
,"1,603 ",291 ,230 ,63 ,<-,20년
,"1,931 ",348 ,335 ,162 ,<-,21년
,"2,379 ",437 ,265 ,-15 ,<-,22년
선익시스템,"1,180 ",85 ,52 ,106 ,<-,18년
,876 ,114 ,71 ,5 ,<-,19년
,656 ,37 ,23 ,131 ,<-,20년
,462 ,-71 ,-102 ,-108 ,<-,21년
,741 ,44 ,-32 ,-124 ,<-,22년
아바코,"2,435 ",229 ,255 ,-254 ,<-,18년
,"2,261 ",233 ,196 ,318 ,<-,19년
,"2,003 ",231 ,145 ,574 ,<-,20년
,"1,798 ",98 ,125 ,-11 ,<-,21년
,"2,173 ",136 ,181 ,-62 ,<-,22년
파세코,"1,494 ",53 ,48 ,60 ,<-,18년
,"1,804 ",108 ,86 ,170 ,<-,19년
,"1,981 ",169 ,142 ,177 ,<-,20년
,"2,272 ",229 ,191 ,94 ,<-,21년
,"2,005 ",158 ,92 ,26 ,<-,22년
덕산하이메탈,478 ,12 ,121 ,82 ,<-,18년
,518 ,41 ,112 ,73 ,<-,19년
,552 ,64 ,153 ,78 ,<-,20년
,927 ,60 ,317 ,-137 ,<-,21년
,"1,715 ",-27 ,61 ,38 ,<-,22년
에이피티씨,610 ,211 ,175 ,220 ,<-,18년
,593 ,161 ,142 ,118 ,<-,19년
,930 ,296 ,234 ,130 ,<-,20년
,"1,781 ",540 ,465 ,541 ,<-,21년
,"1,414 ",309 ,279 ,-82 ,<-,22년
노바텍,259 ,67 ,69 ,63 ,<-,18년
,261 ,55 ,55 ,52 ,<-,19년
,679 ,293 ,271 ,289 ,<-,20년
,905 ,329 ,347 ,223 ,<-,21년
,"1,105 ",265 ,143 ,437 ,<-,22년
하이록코리아,"1,243 ",108 ,122 ,95 ,<-,18년
,"1,421 ",149 ,136 ,231 ,<-,19년
,"1,382 ",162 ,65 ,237 ,<-,20년
,"1,467 ",189 ,195 ,283 ,<-,21년
,"1,829 ",407 ,344 ,197 ,<-,22년
나무가,"3,111 ",39 ,36 ,260 ,<-,18년
,"3,621 ",27 ,-6 ,104 ,<-,19년
,"5,118 ",-23 ,-79 ,-19 ,<-,20년
,"5,029 ",230 ,160 ,239 ,<-,21년
,"5,193 ",324 ,313 ,770 ,<-,22년
동국S&C,"3,631 ",-54 ,-114 ,-511 ,<-,18년
,"3,178 ",142 ,90 ,137 ,<-,19년
,"2,947 ",107 ,38 ,731 ,<-,20년
,"3,788 ",183 ,241 ,-325 ,<-,21년
,"4,771 ",-114 ,-83 ,-442 ,<-,22년
테크윙,"1,937 ",251 ,186 ,395 ,<-,18년
,"1,869 ",244 ,113 ,205 ,<-,19년
,"2,282 ",379 ,329 ,251 ,<-,20년
,"2,559 ",362 ,171 ,24 ,<-,21년
,"2,675 ",577 ,332 ,682 ,<-,22년
아이디스,"1,092 ",3 ,43 ,-53 ,<-,18년
,"1,119 ",33 ,19 ,136 ,<-,19년
,"1,510 ",143 ,112 ,255 ,<-,20년
,"2,041 ",183 ,243 ,32 ,<-,21년
,"2,699 ",278 ,143 ,279 ,<-,22년
하이비젼시스템,"1,831 ",201 ,203 ,187 ,<-,18년
,"1,342 ",36 ,65 ,-144 ,<-,19년
,"1,832 ",128 ,98 ,149 ,<-,20년
,"2,729 ",435 ,453 ,592 ,<-,21년
,"1,977 ",251 ,246 ,-272 ,<-,22년
유니셈,"2,143 ",261 ,206 ,89 ,<-,18년
,"1,790 ",240 ,213 ,172 ,<-,19년
,"2,151 ",322 ,205 ,294 ,<-,20년
,"2,961 ",437 ,382 ,452 ,<-,21년
,"2,532 ",290 ,196 ,169 ,<-,22년
바디텍메드,662 ,65 ,-25 ,53 ,<-,18년
,728 ,150 ,119 ,172 ,<-,19년
,"1,441 ",660 ,483 ,446 ,<-,20년
,"1,577 ",519 ,474 ,499 ,<-,21년
,"1,181 ",247 ,253 ,231 ,<-,22년
유진기업,"14,510 ","1,309 ",266 ,764 ,<-,18년
,"14,578 ","1,280 ",196 ,461 ,<-,19년
,"11,363 ",454 ,499 ,654 ,<-,20년
,"13,453 ",554 ,783 ,"1,243 ",<-,21년
,"14,077 ",547 ,311 ,194 ,<-,22년
인텍플러스,161 ,-83 ,-65 ,-57 ,<-,18년
,405 ,47 ,54 ,17 ,<-,19년
,563 ,70 ,92 ,-11 ,<-,20년
,"1,197 ",275 ,226 ,-8 ,<-,21년
,"1,188 ",194 ,163 ,69 ,<-,22년
GST,"1,298 ",104 ,103 ,23 ,<-,18년
,"1,682 ",219 ,180 ,193 ,<-,19년
,"1,669 ",182 ,155 ,196 ,<-,20년
,"3,045 ",464 ,390 ,256 ,<-,21년
,"3,128 ",569 ,476 ,315 ,<-,22년
휴온스글로벌,"3,787 ",680 ,608 ,534 ,<-,18년
,"4,494 ",729 ,573 ,655 ,<-,19년
,"5,230 ",892 ,910 ,906 ,<-,20년
,"5,746 ",743 ,321 ,498 ,<-,21년
,"6,644 ",865 ,-335 ,644 ,<-,22년
아바텍,743 ,56 ,77 ,102 ,<-,18년
,754 ,54 ,72 ,162 ,<-,19년
,757 ,37 ,52 ,94 ,<-,20년
,807 ,-24 ,1 ,45 ,<-,21년
,732 ,-54 ,-43 ,-20 ,<-,22년
휴메딕스,648 ,107 ,108 ,238 ,<-,18년
,786 ,133 ,121 ,138 ,<-,19년
,985 ,166 ,172 ,238 ,<-,20년
,"1,110 ",160 ,101 ,192 ,<-,21년
,"1,232 ",260 ,212 ,382 ,<-,22년
BGF에코머티리얼즈,"1,614 ",63 ,48 ,-92 ,<-,18년
,"1,829 ",91 ,90 ,179 ,<-,19년
,"1,509 ",115 ,127 ,201 ,<-,20년
,"2,035 ",223 ,8 ,99 ,<-,21년
,"2,633 ",159 ,289 ,-101 ,<-,22년
크리스에프앤씨,"2,579 ",436 ,330 ,235 ,<-,18년
,"2,595 ",377 ,248 ,258 ,<-,19년
,"2,924 ",498 ,386 ,622 ,<-,20년
,"3,759 ",871 ,681 ,723 ,<-,21년
,"3,809 ",785 ,264 ,180 ,<-,22년
진성티이씨,"3,547 ",280 ,217 ,-68 ,<-,18년
,"3,556 ",299 ,220 ,293 ,<-,19년
,"3,112 ",230 ,152 ,313 ,<-,20년
,"4,383 ",253 ,171 ,-199 ,<-,21년
,"5,410 ",663 ,454 ,333 ,<-,22년
엘오티베큠,"1,693 ",190 ,168 ,171 ,<-,18년
,"1,502 ",-10 ,19 ,-45 ,<-,19년
,"1,712 ",42 ,40 ,255 ,<-,20년
,"2,596 ",264 ,207 ,235 ,<-,21년
,"3,742 ",298 ,221 ,72 ,<-,22년
아이센스,"1,730 ",274 ,224 ,195 ,<-,18년
,"1,898 ",302 ,233 ,380 ,<-,19년
,"2,037 ",305 ,273 ,346 ,<-,20년
,"2,329 ",348 ,252 ,172 ,<-,21년
,"2,648 ",198 ,159 ,67 ,<-,22년
엠에스오토텍,"8,920 ",274 ,50 ,878 ,<-,18년
,"12,744 ",667 ,348 ,"1,599 ",<-,19년
,"12,165 ",268 ,"-1,460 ",668 ,<-,20년
,"15,218 ",513 ,202 ,91 ,<-,21년
,"20,251 ","1,491 ","1,130 ","1,551 ",<-,22년
경동제약,"1,793 ",204 ,53 ,333 ,<-,18년
,"1,765 ",246 ,228 ,-28 ,<-,19년
,"1,738 ",190 ,129 ,171 ,<-,20년
,"1,776 ",158 ,126 ,124 ,<-,21년
,"1,827 ",83 ,121 ,-11 ,<-,22년
칩스앤미디어,141 ,20 ,26 ,29 ,<-,18년
,161 ,36 ,45 ,29 ,<-,19년
,154 ,24 ,19 ,47 ,<-,20년
,200 ,52 ,63 ,99 ,<-,21년
,241 ,73 ,100 ,152 ,<-,22년
브이티지엠피,"1,095 ",134 ,107 ,-110 ,<-,18년
,"1,128 ",103 ,34 ,-35 ,<-,19년
,"1,074 ",55 ,-13 ,-32 ,<-,20년
,"2,268 ",264 ,175 ,488 ,<-,21년
,"2,402 ",236 ,132 ,540 ,<-,22년
제이브이엠,"1,036 ",133 ,82 ,199 ,<-,18년
,"1,101 ",105 ,58 ,186 ,<-,19년
,"1,154 ",157 ,104 ,198 ,<-,20년
,"1,158 ",125 ,90 ,261 ,<-,21년
,"1,420 ",220 ,158 ,148 ,<-,22년
와이지-원,"3,909 ",457 ,219 ,315 ,<-,18년
,"4,280 ",132 ,6 ,344 ,<-,19년
,"3,742 ",-158 ,-366 ,745 ,<-,20년
,"4,578 ",430 ,221 ,909 ,<-,21년
,"5,498 ",726 ,334 ,131 ,<-,22년
텔레칩스,"1,261 ",82 ,92 ,187 ,<-,18년
,"1,322 ",76 ,83 ,248 ,<-,19년
,"1,007 ",-85 ,-94 ,-154 ,<-,20년
,"1,364 ",81 ,70 ,127 ,<-,21년
,"1,504 ",92 ,459 ,-73 ,<-,22년
이노와이어리스,640 ,2 ,2 ,18 ,<-,18년
,968 ,153 ,131 ,223 ,<-,19년
,930 ,138 ,131 ,150 ,<-,20년
,907 ,134 ,152 ,138 ,<-,21년
,"1,329 ",143 ,135 ,135 ,<-,22년
세종메디칼,148 ,32 ,36 ,18 ,<-,18년
,162 ,38 ,31 ,45 ,<-,19년
,151 ,-5 ,5 ,-5 ,<-,20년
,180 ,-15 ,-59 ,-90 ,<-,21년
,161 ,-18 ,-921 ,-4 ,<-,22년
와이엠티,730 ,147 ,98 ,176 ,<-,18년
,955 ,221 ,174 ,137 ,<-,19년
,"1,135 ",235 ,198 ,244 ,<-,20년
,"1,256 ",172 ,140 ,224 ,<-,21년
,"1,306 ",33 ,26 ,135 ,<-,22년
에스티아이,"2,866 ",221 ,198 ,-326 ,<-,18년
,"3,189 ",271 ,230 ,760 ,<-,19년
,"2,691 ",154 ,107 ,278 ,<-,20년
,"3,195 ",256 ,232 ,-597 ,<-,21년
,"4,224 ",348 ,298 ,715 ,<-,22년
연우,"2,729 ",62 ,74 ,109 ,<-,18년
,"2,946 ",225 ,168 ,436 ,<-,19년
,"2,512 ",160 ,114 ,364 ,<-,20년
,"2,871 ",299 ,264 ,471 ,<-,21년
,"2,347 ",13 ,4 ,89 ,<-,22년
제룡전기,425 ,28 ,29 ,50 ,<-,18년
,452 ,57 ,56 ,73 ,<-,19년
,442 ,38 ,35 ,68 ,<-,20년
,488 ,1 ,12 ,75 ,<-,21년
,861 ,160 ,125 ,-170 ,<-,22년
어보브반도체,"1,095 ",78 ,82 ,116 ,<-,18년
,"1,268 ",139 ,134 ,176 ,<-,19년
,"1,442 ",176 ,140 ,219 ,<-,20년
,"1,675 ",176 ,137 ,136 ,<-,21년
,"2,426 ",258 ,127 ,-24 ,<-,22년
엠투엔,533 ,17 ,44 ,21 ,<-,18년
,465 ,4 ,43 ,24 ,<-,19년
,351 ,-19 ,-76 ,9 ,<-,20년
,276 ,-46 ,-581 ,-14 ,<-,21년
,285 ,-48 ,52 ,-17 ,<-,22년
세경하이테크,"2,566 ",386 ,318 ,308 ,<-,18년
,"2,813 ",234 ,211 ,241 ,<-,19년
,"2,200 ",20 ,-35 ,208 ,<-,20년
,"2,683 ",174 ,227 ,481 ,<-,21년
,"2,606 ",80 ,165 ,473 ,<-,22년
이지홀딩스,"15,094 ",930 ,417 ,105 ,<-,18년
,"16,149 ",416 ,-130 ,"1,078 ",<-,19년
,"16,083 ",470 ,845 ,94 ,<-,20년
,"19,840 ","1,004 ",92 ,209 ,<-,21년
,"30,103 ",999 ,269 ,-485 ,<-,22년
와이솔,"3,662 ",548 ,454 ,874 ,<-,18년
,"3,703 ",400 ,304 ,491 ,<-,19년
,"3,350 ",171 ,34 ,753 ,<-,20년
,"3,709 ",139 ,270 ,600 ,<-,21년
,"3,459 ",-130 ,-148 ,480 ,<-,22년
제주반도체,"1,444 ",157 ,106 ,-210 ,<-,18년
,"1,091 ",57 ,-48 ,95 ,<-,19년
,"1,270 ",66 ,111 ,123 ,<-,20년
,"1,933 ",201 ,128 ,73 ,<-,21년
,"1,750 ",282 ,247 ,-22 ,<-,22년
한양디지텍,940 ,29 ,9 ,62 ,<-,18년
,680 ,-79 ,-128 ,-97 ,<-,19년
,"1,597 ",69 ,45 ,101 ,<-,20년
,"3,034 ",300 ,242 ,320 ,<-,21년
,"4,848 ",528 ,372 ,197 ,<-,22년
위닉스,"3,306 ",206 ,189 ,343 ,<-,18년
,"3,862 ",514 ,399 ,334 ,<-,19년
,"3,823 ",520 ,424 ,347 ,<-,20년
,"4,002 ",256 ,200 ,-88 ,<-,21년
,"3,290 ",38 ,22 ,69 ,<-,22년
덕우전자,884 ,21 ,-14 ,-56 ,<-,18년
,"1,294 ",124 ,92 ,187 ,<-,19년
,"1,534 ",116 ,102 ,244 ,<-,20년
,"1,757 ",52 ,42 ,169 ,<-,21년
,"2,090 ",189 ,130 ,129 ,<-,22년
레이언스,"1,164 ",212 ,156 ,147 ,<-,18년
,"1,262 ",228 ,138 ,95 ,<-,19년
,"1,015 ",84 ,-41 ,233 ,<-,20년
,"1,346 ",241 ,141 ,209 ,<-,21년
,"1,472 ",254 ,218 ,166 ,<-,22년
영풍정밀,659 ,91 ,113 ,106 ,<-,18년
,750 ,101 ,126 ,175 ,<-,19년
,908 ,103 ,133 ,80 ,<-,20년
,787 ,85 ,118 ,187 ,<-,21년
,891 ,120 ,155 ,127 ,<-,22년
펌텍코리아,"1,511 ",245 ,208 ,183 ,<-,18년
,"1,754 ",269 ,229 ,251 ,<-,19년
,"1,968 ",274 ,245 ,10 ,<-,20년
,"2,220 ",261 ,197 ,241 ,<-,21년
,"2,366 ",265 ,200 ,294 ,<-,22년
뉴프렉스,"1,955 ",106 ,74 ,132 ,<-,18년
,"1,283 ",-100 ,-96 ,114 ,<-,19년
,"1,486 ",-98 ,-94 ,-6 ,<-,20년
,"1,717 ",15 ,26 ,77 ,<-,21년
,"2,603 ",179 ,144 ,237 ,<-,22년
디케이티,"2,402 ",87 ,-17 ,3 ,<-,18년
,"3,377 ",129 ,79 ,96 ,<-,19년
,"3,461 ",145 ,108 ,174 ,<-,20년
,"3,152 ",181 ,87 ,97 ,<-,21년
,"3,635 ",212 ,196 ,252 ,<-,22년
슈프리마,528 ,122 ,114 ,149 ,<-,18년
,721 ,246 ,259 ,268 ,<-,19년
,578 ,106 ,94 ,150 ,<-,20년
,726 ,162 ,227 ,177 ,<-,21년
,894 ,179 ,179 ,189 ,<-,22년
대한약품,"1,587 ",362 ,285 ,449 ,<-,18년
,"1,688 ",336 ,282 ,353 ,<-,19년
,"1,661 ",300 ,174 ,336 ,<-,20년
,"1,715 ",291 ,227 ,406 ,<-,21년
,"1,843 ",330 ,250 ,290 ,<-,22년
노바렉스,"1,073 ",113 ,92 ,74 ,<-,18년
,"1,591 ",163 ,145 ,-13 ,<-,19년
,"2,228 ",270 ,250 ,163 ,<-,20년
,"2,788 ",300 ,263 ,241 ,<-,21년
,"2,817 ",252 ,199 ,201 ,<-,22년
제이씨케미칼,"1,813 ",90 ,23 ,137 ,<-,18년
,"2,024 ",130 ,117 ,27 ,<-,19년
,"2,677 ",192 ,74 ,56 ,<-,20년
,"3,929 ",398 ,334 ,-53 ,<-,21년
,"5,117 ",426 ,192 ,225 ,<-,22년
제이스텍,"1,262 ",63 ,80 ,-371 ,<-,18년
,"1,269 ",4 ,11 ,-83 ,<-,19년
,"1,144 ",-103 ,-146 ,87 ,<-,20년
,818 ,-15 ,54 ,74 ,<-,21년
,"1,439 ",375 ,278 ,287 ,<-,22년
알에프텍,"2,403 ",58 ,66 ,120 ,<-,18년
,"2,845 ",131 ,-26 ,122 ,<-,19년
,"2,579 ",98 ,-309 ,144 ,<-,20년
,"3,258 ",123 ,175 ,91 ,<-,21년
,"3,606 ",209 ,120 ,270 ,<-,22년
팅크웨어,"1,944 ",77 ,19 ,91 ,<-,18년
,"1,822 ",78 ,41 ,204 ,<-,19년
,"1,976 ",125 ,86 ,157 ,<-,20년
,"2,254 ",125 ,71 ,-203 ,<-,21년
,"3,367 ",45 ,45 ,-98 ,<-,22년
동아화성,"2,534 ",132 ,65 ,204 ,<-,18년
,"2,885 ",107 ,102 ,172 ,<-,19년
,"2,618 ",133 ,25 ,157 ,<-,20년
,"2,888 ",161 ,131 ,189 ,<-,21년
,"3,496 ",144 ,153 ,166 ,<-,22년
싸이맥스,"1,335 ",157 ,133 ,210 ,<-,18년
,835 ,20 ,32 ,7 ,<-,19년
,"1,729 ",230 ,230 ,264 ,<-,20년
,"2,423 ",324 ,242 ,360 ,<-,21년
,"1,951 ",212 ,78 ,-6 ,<-,22년
디아이티,769 ,58 ,76 ,121 ,<-,18년
,"1,188 ",132 ,132 ,25 ,<-,19년
,286 ,-19 ,15 ,14 ,<-,20년
,761 ,-59 ,-15 ,-86 ,<-,21년
,"1,329 ",55 ,93 ,79 ,<-,22년
야스,"1,845 ",442 ,360 ,319 ,<-,18년
,869 ,125 ,163 ,301 ,<-,19년
,551 ,23 ,117 ,78 ,<-,20년
,497 ,15 ,21 ,245 ,<-,21년
,548 ,-48 ,-13 ,-38 ,<-,22년
에스엔유,826 ,110 ,98 ,209 ,<-,18년
,643 ,89 ,77 ,28 ,<-,19년
,"1,019 ",87 ,50 ,310 ,<-,20년
,"1,140 ",61 ,85 ,92 ,<-,21년
,"1,244 ",66 ,76 ,89 ,<-,22년
네오팜,663 ,192 ,154 ,162 ,<-,18년
,832 ,230 ,192 ,192 ,<-,19년
,816 ,219 ,181 ,171 ,<-,20년
,879 ,224 ,177 ,217 ,<-,21년
,850 ,214 ,170 ,182 ,<-,22년
삼지전자,"14,396 ",325 ,297 ,-209 ,<-,18년
,"14,950 ",362 ,339 ,486 ,<-,19년
,"15,895 ",481 ,498 ,171 ,<-,20년
,"24,834 ",943 ,613 ,"1,958 ",<-,21년
,"29,220 ",885 ,780 ,295 ,<-,22년
제이엔케이히터,"1,505 ",49 ,-73 ,152 ,<-,18년
,"2,255 ",173 ,79 ,112 ,<-,19년
,"1,919 ",69 ,23 ,18 ,<-,20년
,"1,313 ",13 ,33 ,274 ,<-,21년
,"1,971 ",69 ,74 ,-62 ,<-,22년
케이엔제이,511 ,9 ,17 ,-81 ,<-,18년
,563 ,38 ,44 ,38 ,<-,19년
,426 ,26 ,-50 ,49 ,<-,20년
,465 ,44 ,55 ,116 ,<-,21년
,623 ,133 ,100 ,106 ,<-,22년
오션브릿지,942 ,173 ,141 ,293 ,<-,18년
,758 ,128 ,114 ,11 ,<-,19년
,916 ,154 ,155 ,63 ,<-,20년
,939 ,160 ,146 ,36 ,<-,21년
,"1,650 ",228 ,158 ,372 ,<-,22년
우리바이오,"12,796 ",-123 ,-325 ,108 ,<-,18년
,"16,726 ",265 ,61 ,658 ,<-,19년
,"16,234 ",390 ,170 ,694 ,<-,20년
,"15,433 ",428 ,440 ,502 ,<-,21년
,"13,551 ",344 ,251 ,434 ,<-,22년
에스제이그룹,686 ,78 ,35 ,62 ,<-,18년
,"1,095 ",164 ,131 ,152 ,<-,19년
,"1,071 ",180 ,156 ,138 ,<-,20년
,"1,497 ",291 ,232 ,286 ,<-,21년
,"1,979 ",358 ,291 ,233 ,<-,22년
유비쿼스,953 ,167 ,149 ,158 ,<-,18년
,"1,039 ",122 ,111 ,196 ,<-,19년
,"1,105 ",190 ,161 ,196 ,<-,20년
,"1,391 ",319 ,289 ,202 ,<-,21년
,"1,337 ",245 ,215 ,19 ,<-,22년
쎌바이오텍,625 ,217 ,194 ,140 ,<-,18년
,460 ,58 ,72 ,102 ,<-,19년
,456 ,37 ,32 ,96 ,<-,20년
,469 ,73 ,104 ,149 ,<-,21년
,505 ,61 ,83 ,128 ,<-,22년
가온미디어,"6,098 ",93 ,52 ,-755 ,<-,18년
,"6,010 ",291 ,178 ,437 ,<-,19년
,"4,831 ",93 ,20 ,461 ,<-,20년
,"5,331 ",284 ,188 ,-359 ,<-,21년
,"6,112 ",144 ,110 ,-232 ,<-,22년
현대에버다임,"3,112 ",142 ,101 ,140 ,<-,18년
,"2,486 ",31 ,12 ,-26 ,<-,19년
,"2,635 ",29 ,-71 ,361 ,<-,20년
,"3,179 ",-1 ,-184 ,-2 ,<-,21년
,"3,744 ",157 ,107 ,-169 ,<-,22년
디바이스이엔지,932 ,163 ,139 ,69 ,<-,18년
,432 ,44 ,46 ,212 ,<-,19년
,"1,262 ",437 ,304 ,359 ,<-,20년
,"1,251 ",358 ,315 ,222 ,<-,21년
,727 ,133 ,108 ,-4 ,<-,22년
네오셈,449 ,60 ,57 ,112 ,<-,18년
,272 ,-33 ,-16 ,-49 ,<-,19년
,486 ,120 ,81 ,138 ,<-,20년
,372 ,48 ,56 ,-46 ,<-,21년
,747 ,84 ,100 ,133 ,<-,22년
로체시스템즈,740 ,-10 ,-14 ,-12 ,<-,18년
,798 ,43 ,12 ,-28 ,<-,19년
,"1,802 ",93 ,84 ,191 ,<-,20년
,"1,102 ",133 ,95 ,150 ,<-,21년
,"1,446 ",264 ,203 ,50 ,<-,22년
대한뉴팜,"1,195 ",200 ,25 ,205 ,<-,18년
,"1,341 ",207 ,152 ,229 ,<-,19년
,"1,493 ",246 ,-101 ,135 ,<-,20년
,"1,666 ",267 ,157 ,166 ,<-,21년
,"1,980 ",276 ,243 ,143 ,<-,22년
우주일렉트로,"1,866 ",7 ,5 ,17 ,<-,18년
,"1,910 ",159 ,118 ,395 ,<-,19년
,"1,962 ",174 ,129 ,275 ,<-,20년
,"2,057 ",244 ,167 ,348 ,<-,21년
,"1,872 ",178 ,122 ,387 ,<-,22년
브이원텍,546 ,157 ,153 ,89 ,<-,18년
,268 ,48 ,66 ,38 ,<-,19년
,311 ,65 ,55 ,34 ,<-,20년
,511 ,50 ,106 ,22 ,<-,21년
,598 ,0 ,-40 ,-71 ,<-,22년
비엠티,769 ,82 ,69 ,-53 ,<-,18년
,744 ,64 ,54 ,105 ,<-,19년
,896 ,67 ,40 ,29 ,<-,20년
,"1,079 ",46 ,57 ,-8 ,<-,21년
,"1,421 ",230 ,149 ,-22 ,<-,22년
시그네틱스,"2,502 ",-72 ,-62 ,183 ,<-,18년
,"2,188 ",-196 ,-229 ,130 ,<-,19년
,"2,015 ",-145 ,-373 ,61 ,<-,20년
,"2,699 ",193 ,170 ,94 ,<-,21년
,"2,876 ",89 ,75 ,144 ,<-,22년
영화테크,535 ,31 ,39 ,71 ,<-,18년
,446 ,-15 ,-15 ,17 ,<-,19년
,350 ,1 ,4 ,16 ,<-,20년
,406 ,23 ,26 ,31 ,<-,21년
,479 ,19 ,48 ,52 ,<-,22년
디알젬,566 ,42 ,47 ,30 ,<-,18년
,601 ,46 ,55 ,30 ,<-,19년
,"1,066 ",230 ,200 ,101 ,<-,20년
,858 ,124 ,126 ,104 ,<-,21년
,"1,102 ",170 ,144 ,74 ,<-,22년
동양이엔피,"3,911 ",41 ,51 ,-181 ,<-,18년
,"4,827 ",293 ,256 ,263 ,<-,19년
,"4,614 ",410 ,235 ,747 ,<-,20년
,"5,194 ",148 ,177 ,-35 ,<-,21년
,"5,598 ",278 ,230 ,375 ,<-,22년
라이온켐텍,"1,379 ",28 ,19 ,52 ,<-,18년
,"1,561 ",115 ,107 ,70 ,<-,19년
,"1,326 ",159 ,77 ,226 ,<-,20년
,"1,504 ",94 ,85 ,22 ,<-,21년
,"1,520 ",110 ,88 ,184 ,<-,22년
모베이스전자,"7,180 ",17 ,-169 ,105 ,<-,18년
,"7,717 ",109 ,-99 ,450 ,<-,19년
,"7,365 ",-14 ,-177 ,432 ,<-,20년
,"7,646 ",155 ,56 ,364 ,<-,21년
,"9,222 ",439 ,68 ,447 ,<-,22년
비아트론,"1,291 ",292 ,245 ,296 ,<-,18년
,500 ,38 ,48 ,-81 ,<-,19년
,926 ,167 ,147 ,-27 ,<-,20년
,799 ,115 ,138 ,201 ,<-,21년
,710 ,140 ,159 ,39 ,<-,22년
금강철강,"1,950 ",15 ,53 ,152 ,<-,18년
,"1,713 ",22 ,44 ,50 ,<-,19년
,"1,752 ",32 ,28 ,31 ,<-,20년
,"2,362 ",91 ,102 ,136 ,<-,21년
,"2,442 ",49 ,54 ,43 ,<-,22년
현대공업,"1,586 ",-6 ,10 ,18 ,<-,18년
,"1,667 ",34 ,41 ,74 ,<-,19년
,"2,098 ",126 ,111 ,98 ,<-,20년
,"2,493 ",131 ,126 ,160 ,<-,21년
,"2,785 ",151 ,114 ,198 ,<-,22년
빅솔론,852 ,126 ,145 ,63 ,<-,18년
,848 ,95 ,96 ,120 ,<-,19년
,745 ,42 ,56 ,153 ,<-,20년
,"1,004 ",140 ,259 ,153 ,<-,21년
,"1,349 ",251 ,103 ,162 ,<-,22년
세운메디칼,631 ,180 ,101 ,122 ,<-,18년
,669 ,169 ,100 ,135 ,<-,19년
,637 ,144 ,108 ,193 ,<-,20년
,626 ,154 ,128 ,215 ,<-,21년
,601 ,122 ,106 ,93 ,<-,22년
서원인텍,"2,470 ",51 ,50 ,73 ,<-,18년
,"2,950 ",204 ,127 ,348 ,<-,19년
,"3,156 ",185 ,169 ,209 ,<-,20년
,"2,885 ",135 ,167 ,72 ,<-,21년
,"3,168 ",226 ,232 ,179 ,<-,22년
디스플레이텍,573 ,36 ,30 ,287 ,<-,18년
,436 ,66 ,54 ,89 ,<-,19년
,417 ,39 ,38 ,148 ,<-,20년
,"1,360 ",36 ,54 ,-42 ,<-,21년
,691 ,31 ,68 ,17 ,<-,22년
오리엔탈정공,775 ,-15 ,-31 ,-20 ,<-,18년
,"1,301 ",53 ,35 ,116 ,<-,19년
,"1,677 ",213 ,293 ,105 ,<-,20년
,"1,159 ",67 ,46 ,-15 ,<-,21년
,"1,316 ",92 ,84 ,111 ,<-,22년
휴비츠,789 ,83 ,76 ,84 ,<-,18년
,880 ,117 ,83 ,135 ,<-,19년
,701 ,69 ,-30 ,102 ,<-,20년
,950 ,97 ,91 ,228 ,<-,21년
,"1,094 ",190 ,166 ,88 ,<-,22년
엔브이에이치코리아,"6,220 ",30 ,-160 ,226 ,<-,18년
,"8,263 ",269 ,124 ,175 ,<-,19년
,"9,590 ",282 ,-118 ,457 ,<-,20년
,"10,688 ",428 ,196 ,470 ,<-,21년
,"12,300 ",532 ,76 ,945 ,<-,22년
오성첨단소재,441 ,7 ,55 ,95 ,<-,18년
,666 ,19 ,146 ,53 ,<-,19년
,796 ,61 ,104 ,98 ,<-,20년
,921 ,41 ,-115 ,26 ,<-,21년
,"1,171 ",129 ,24 ,318 ,<-,22년
메카로,"1,005 ",338 ,288 ,247 ,<-,18년
,725 ,86 ,78 ,149 ,<-,19년
,727 ,1 ,-35 ,126 ,<-,20년
,490 ,25 ,77 ,123 ,<-,21년
,540 ,26 ,437 ,49 ,<-,22년
대정화금,738 ,92 ,100 ,89 ,<-,18년
,796 ,104 ,61 ,108 ,<-,19년
,802 ,101 ,89 ,90 ,<-,20년
,889 ,79 ,84 ,95 ,<-,21년
,966 ,116 ,137 ,128 ,<-,22년
HRS,746 ,36 ,-75 ,-173 ,<-,18년
,667 ,16 ,10 ,199 ,<-,19년
,674 ,103 ,92 ,100 ,<-,20년
,841 ,179 ,208 ,-14 ,<-,21년
,861 ,114 ,100 ,149 ,<-,22년
엑시콘,565 ,37 ,37 ,69 ,<-,18년
,382 ,-52 ,-53 ,14 ,<-,19년
,674 ,83 ,122 ,177 ,<-,20년
,662 ,63 ,340 ,-68 ,<-,21년
,912 ,103 ,152 ,-25 ,<-,22년
진로발효,869 ,165 ,143 ,180 ,<-,18년
,884 ,165 ,143 ,148 ,<-,19년
,"1,019 ",155 ,114 ,181 ,<-,20년
,903 ,113 ,95 ,88 ,<-,21년
,996 ,38 ,36 ,-22 ,<-,22년
제노레이,563 ,110 ,95 ,69 ,<-,18년
,651 ,147 ,132 ,107 ,<-,19년
,617 ,111 ,102 ,85 ,<-,20년
,743 ,150 ,143 ,154 ,<-,21년
,826 ,149 ,139 ,148 ,<-,22년
에이치엘사이언스,641 ,122 ,109 ,130 ,<-,18년
,"1,283 ",237 ,197 ,214 ,<-,19년
,"1,430 ",236 ,196 ,150 ,<-,20년
,"1,044 ",148 ,135 ,106 ,<-,21년
,528 ,-6 ,15 ,40 ,<-,22년
그린플러스,464 ,51 ,23 ,-32 ,<-,18년
,488 ,51 ,25 ,-21 ,<-,19년
,627 ,59 ,-21 ,26 ,<-,20년
,832 ,51 ,-47 ,-10 ,<-,21년
,830 ,36 ,-35 ,86 ,<-,22년
나라엠앤디,"1,418 ",47 ,37 ,9 ,<-,18년
,"1,560 ",21 ,11 ,67 ,<-,19년
,"1,778 ",17 ,15 ,105 ,<-,20년
,"1,947 ",59 ,37 ,123 ,<-,21년
,"2,182 ",105 ,95 ,117 ,<-,22년
폴라리스세원,572 ,11 ,13 ,-40 ,<-,18년
,814 ,63 ,33 ,55 ,<-,19년
,721 ,46 ,95 ,7 ,<-,20년
,975 ,-19 ,83 ,-13 ,<-,21년
,"1,767 ",86 ,39 ,84 ,<-,22년
삼양옵틱스,605 ,141 ,125 ,146 ,<-,18년
,636 ,157 ,136 ,118 ,<-,19년
,386 ,30 ,21 ,138 ,<-,20년
,577 ,122 ,106 ,141 ,<-,21년
,549 ,110 ,83 ,122 ,<-,22년
유니테크노,664 ,61 ,56 ,74 ,<-,18년
,821 ,60 ,55 ,69 ,<-,19년
,754 ,60 ,98 ,88 ,<-,20년
,799 ,74 ,95 ,74 ,<-,21년
,824 ,61 ,49 ,83 ,<-,22년
알리코제약,953 ,74 ,12 ,-23 ,<-,18년
,"1,158 ",125 ,100 ,131 ,<-,19년
,"1,248 ",106 ,84 ,45 ,<-,20년
,"1,402 ",48 ,49 ,90 ,<-,21년
,"1,677 ",99 ,80 ,48 ,<-,22년
상보,527 ,19 ,-293 ,-8 ,<-,18년
,"1,182 ",0 ,-104 ,32 ,<-,19년
,"1,301 ",67 ,32 ,37 ,<-,20년
,724 ,57 ,20 ,82 ,<-,21년
,674 ,25 ,88 ,6 ,<-,22년
코콤,"1,636 ",172 ,139 ,149 ,<-,18년
,"1,339 ",133 ,82 ,151 ,<-,19년
,"1,189 ",109 ,73 ,121 ,<-,20년
,927 ,39 ,43 ,-36 ,<-,21년
,953 ,-23 ,-26 ,-13 ,<-,22년
우림피티에스,643 ,21 ,42 ,58 ,<-,18년
,555 ,-13 ,-7 ,79 ,<-,19년
,601 ,8 ,-80 ,39 ,<-,20년
,605 ,20 ,35 ,54 ,<-,21년
,683 ,54 ,51 ,18 ,<-,22년
흥국에프엔비,477 ,43 ,28 ,43 ,<-,18년
,538 ,58 ,53 ,98 ,<-,19년
,504 ,25 ,39 ,47 ,<-,20년
,715 ,67 ,63 ,184 ,<-,21년
,973 ,105 ,119 ,75 ,<-,22년
에스씨디,"1,593 ",49 ,78 ,24 ,<-,18년
,"1,749 ",35 ,-10 ,37 ,<-,19년
,"1,908 ",52 ,38 ,119 ,<-,20년
,"2,022 ",91 ,69 ,16 ,<-,21년
,"2,189 ",113 ,83 ,145 ,<-,22년
KCI,606 ,114 ,89 ,75 ,<-,18년
,696 ,145 ,114 ,139 ,<-,19년
,733 ,141 ,106 ,100 ,<-,20년
,815 ,124 ,102 ,77 ,<-,21년
,"1,096 ",219 ,178 ,130 ,<-,22년
안국약품,"1,857 ",154 ,132 ,-12 ,<-,18년
,"1,559 ",24 ,21 ,221 ,<-,19년
,"1,434 ",-1 ,-14 ,112 ,<-,20년
,"1,635 ",-11 ,37 ,15 ,<-,21년
,"2,054 ",97 ,69 ,18 ,<-,22년
피제이전자,"1,012 ",61 ,71 ,117 ,<-,18년
,993 ,59 ,49 ,60 ,<-,19년
,"1,042 ",56 ,50 ,19 ,<-,20년
,"1,199 ",68 ,82 ,15 ,<-,21년
,"1,577 ",61 ,70 ,11 ,<-,22년
삼아제약,669 ,94 ,88 ,128 ,<-,18년
,716 ,104 ,102 ,132 ,<-,19년
,537 ,39 ,1 ,94 ,<-,20년
,547 ,60 ,34 ,129 ,<-,21년
,817 ,183 ,119 ,196 ,<-,22년
디케이락,665 ,59 ,56 ,59 ,<-,18년
,744 ,98 ,85 ,29 ,<-,19년
,712 ,25 ,-1 ,65 ,<-,20년
,855 ,84 ,90 ,97 ,<-,21년
,"1,099 ",114 ,58 ,15 ,<-,22년
에스텍파마,403 ,15 ,66 ,72 ,<-,18년
,465 ,38 ,152 ,43 ,<-,19년
,613 ,80 ,157 ,47 ,<-,20년
,604 ,42 ,69 ,6 ,<-,21년
,620 ,32 ,-64 ,-16 ,<-,22년
엠에스씨,"1,446 ",135 ,107 ,89 ,<-,18년
,"1,507 ",147 ,116 ,150 ,<-,19년
,"1,464 ",129 ,89 ,119 ,<-,20년
,"1,620 ",213 ,154 ,223 ,<-,21년
,"2,043 ",247 ,181 ,-78 ,<-,22년
한국선재,"1,927 ",72 ,68 ,50 ,<-,18년
,"1,855 ",67 ,31 ,23 ,<-,19년
,"1,872 ",52 ,21 ,187 ,<-,20년
,"2,142 ",180 ,120 ,105 ,<-,21년
,"2,455 ",113 ,150 ,-97 ,<-,22년
파이오링크,274 ,11 ,4 ,9 ,<-,18년
,351 ,42 ,56 ,82 ,<-,19년
,398 ,65 ,107 ,63 ,<-,20년
,543 ,109 ,112 ,115 ,<-,21년
,616 ,114 ,121 ,88 ,<-,22년
옵투스제약,496 ,107 ,100 ,150 ,<-,18년
,604 ,152 ,146 ,168 ,<-,19년
,608 ,155 ,144 ,174 ,<-,20년
,573 ,105 ,99 ,71 ,<-,21년
,587 ,53 ,50 ,20 ,<-,22년
피제이메탈,"1,501 ",47 ,32 ,99 ,<-,18년
,"1,421 ",44 ,21 ,56 ,<-,19년
,"1,281 ",64 ,47 ,30 ,<-,20년
,"2,462 ",252 ,184 ,83 ,<-,21년
,"2,690 ",104 ,58 ,-42 ,<-,22년
창해에탄올,"1,954 ",105 ,-146 ,91 ,<-,18년
,"1,873 ",46 ,53 ,249 ,<-,19년
,"1,147 ",194 ,134 ,122 ,<-,20년
,970 ,141 ,101 ,128 ,<-,21년
,"1,094 ",98 ,3 ,31 ,<-,22년
신일제약,533 ,60 ,57 ,92 ,<-,18년
,606 ,94 ,73 ,123 ,<-,19년
,614 ,68 ,75 ,111 ,<-,20년
,618 ,80 ,67 ,112 ,<-,21년
,800 ,137 ,122 ,137 ,<-,22년
KBG,164 ,29 ,21 ,20 ,<-,18년
,185 ,30 ,-14 ,31 ,<-,19년
,198 ,34 ,31 ,26 ,<-,20년
,272 ,59 ,40 ,31 ,<-,21년
,243 ,41 ,33 ,17 ,<-,22년
머큐리,"1,339 ",102 ,136 ,173 ,<-,18년
,"1,110 ",21 ,23 ,-19 ,<-,19년
,"1,178 ",34 ,82 ,35 ,<-,20년
,"1,216 ",56 ,57 ,-96 ,<-,21년
,"1,631 ",49 ,5 ,-157 ,<-,22년
서호전기,312 ,65 ,54 ,130 ,<-,18년
,649 ,122 ,153 ,6 ,<-,19년
,657 ,113 ,68 ,97 ,<-,20년
,743 ,148 ,174 ,100 ,<-,21년
,602 ,125 ,113 ,157 ,<-,22년
제이티,336 ,38 ,24 ,11 ,<-,18년
,424 ,62 ,38 ,85 ,<-,19년
,446 ,53 ,52 ,38 ,<-,20년
,656 ,112 ,139 ,180 ,<-,21년
,819 ,151 ,150 ,125 ,<-,22년
잉글우드랩,"1,188 ",-3 ,-59 ,-94 ,<-,18년
,"1,333 ",67 ,23 ,121 ,<-,19년
,"1,372 ",79 ,31 ,73 ,<-,20년
,"1,608 ",170 ,150 ,-69 ,<-,21년
,"1,515 ",99 ,73 ,96 ,<-,22년
인지디스플레,"5,144 ",221 ,122 ,194 ,<-,18년
,"5,578 ",238 ,86 ,412 ,<-,19년
,"5,966 ",346 ,222 ,456 ,<-,20년
,"6,172 ",113 ,79 ,358 ,<-,21년
,"7,010 ",186 ,68 ,302 ,<-,22년
유아이엘,"4,236 ",84 ,94 ,228 ,<-,18년
,"4,085 ",89 ,82 ,243 ,<-,19년
,"2,988 ",-125 ,-109 ,-54 ,<-,20년
,"2,666 ",-66 ,-164 ,17 ,<-,21년
,"3,329 ",58 ,68 ,104 ,<-,22년
에스텍,"3,064 ",180 ,200 ,238 ,<-,18년
,"3,380 ",175 ,172 ,232 ,<-,19년
,"3,125 ",133 ,122 ,147 ,<-,20년
,"3,307 ",-459 ,-348 ,-465 ,<-,21년
,"4,684 ",87 ,95 ,90 ,<-,22년
대봉엘에스,718 ,79 ,66 ,88 ,<-,18년
,695 ,74 ,62 ,60 ,<-,19년
,763 ,81 ,74 ,157 ,<-,20년
,830 ,97 ,100 ,101 ,<-,21년
,935 ,82 ,118 ,88 ,<-,22년
경남스틸,"2,749 ",63 ,54 ,228 ,<-,18년
,"3,182 ",61 ,46 ,109 ,<-,19년
,"2,975 ",53 ,30 ,84 ,<-,20년
,"3,423 ",69 ,61 ,39 ,<-,21년
,"4,153 ",114 ,97 ,63 ,<-,22년
이랜시스,484 ,41 ,20 ,39 ,<-,18년
,523 ,41 ,11 ,13 ,<-,19년
,612 ,43 ,34 ,44 ,<-,20년
,783 ,69 ,62 ,70 ,<-,21년
,826 ,55 ,52 ,63 ,<-,22년
웰크론,"3,948 ",101 ,65 ,-71 ,<-,18년
,"3,770 ",32 ,-239 ,311 ,<-,19년
,"3,302 ",198 ,99 ,393 ,<-,20년
,"3,886 ",132 ,78 ,-98 ,<-,21년
,"4,457 ",63 ,-8 ,296 ,<-,22년
오텍,"9,187 ",298 ,187 ,345 ,<-,18년
,"9,523 ",305 ,142 ,-702 ,<-,19년
,"9,257 ",93 ,62 ,-163 ,<-,20년
,"10,176 ",64 ,-1 ,51 ,<-,21년
,"10,195 ",-191 ,-388 ,-352 ,<-,22년
파워넷,"1,169 ",28 ,45 ,27 ,<-,18년
,"1,286 ",52 ,54 ,40 ,<-,19년
,"1,472 ",66 ,2 ,40 ,<-,20년
,"2,079 ",55 ,24 ,35 ,<-,21년
,"2,111 ",57 ,17 ,-21 ,<-,22년
리메드,80 ,-8 ,-74 ,-3 ,<-,18년
,186 ,43 ,44 ,32 ,<-,19년
,166 ,17 ,-18 ,26 ,<-,20년
,202 ,11 ,8 ,-33 ,<-,21년
,214 ,17 ,40 ,52 ,<-,22년
코리아에프티,"3,880 ",68 ,40 ,219 ,<-,18년
,"4,387 ",82 ,57 ,266 ,<-,19년
,"4,097 ",62 ,39 ,142 ,<-,20년
,"4,657 ",95 ,48 ,395 ,<-,21년
,"5,610 ",194 ,83 ,487 ,<-,22년
힘스,355 ,-17 ,-10 ,-61 ,<-,18년
,851 ,77 ,84 ,-16 ,<-,19년
,"1,062 ",250 ,172 ,329 ,<-,20년
,506 ,-44 ,-4 ,-32 ,<-,21년
,315 ,-133 ,-86 ,-92 ,<-,22년
에프엔에스테크,464 ,27 ,32 ,29 ,<-,18년
,341 ,22 ,14 ,39 ,<-,19년
,919 ,111 ,82 ,214 ,<-,20년
,661 ,24 ,9 ,-94 ,<-,21년
,676 ,58 ,40 ,146 ,<-,22년
옵티시스,213 ,32 ,28 ,31 ,<-,18년
,197 ,22 ,28 ,21 ,<-,19년
,204 ,16 ,15 ,37 ,<-,20년
,242 ,42 ,58 ,37 ,<-,21년
,287 ,77 ,74 ,46 ,<-,22년
한일단조,"1,527 ",5 ,-9 ,23 ,<-,18년
,"1,412 ",57 ,35 ,239 ,<-,19년
,"1,383 ",9 ,-36 ,140 ,<-,20년
,"1,525 ",-34 ,-87 ,-55 ,<-,21년
,"1,774 ",146 ,72 ,186 ,<-,22년
뉴트리,872 ,99 ,21 ,79 ,<-,18년
,"1,251 ",120 ,95 ,75 ,<-,19년
,"1,894 ",229 ,194 ,43 ,<-,20년
,"2,470 ",211 ,199 ,130 ,<-,21년
,"1,986 ",45 ,48 ,-36 ,<-,22년
위지트,448 ,49 ,64 ,53 ,<-,18년
,317 ,-11 ,-56 ,0 ,<-,19년
,301 ,-14 ,78 ,31 ,<-,20년
,312 ,1 ,101 ,5 ,<-,21년
,352 ,22 ,137 ,-19 ,<-,22년
동국알앤에스,"1,016 ",58 ,31 ,63 ,<-,18년
,"1,018 ",36 ,26 ,54 ,<-,19년
,934 ,42 ,32 ,100 ,<-,20년
,"1,041 ",28 ,30 ,-38 ,<-,21년
,"1,182 ",42 ,39 ,66 ,<-,22년
구영테크,"1,952 ",54 ,59 ,33 ,<-,18년
,"2,309 ",52 ,34 ,77 ,<-,19년
,"1,967 ",29 ,7 ,182 ,<-,20년
,"2,034 ",40 ,31 ,172 ,<-,21년
,"2,742 ",77 ,40 ,221 ,<-,22년
삼현철강,"2,280 ",90 ,72 ,77 ,<-,18년
,"2,376 ",79 ,65 ,73 ,<-,19년
,"2,249 ",86 ,77 ,96 ,<-,20년
,"3,221 ",331 ,254 ,-60 ,<-,21년
,"3,406 ",191 ,160 ,388 ,<-,22년
하츠,"1,035 ",13 ,15 ,27 ,<-,18년
,"1,123 ",25 ,24 ,80 ,<-,19년
,"1,251 ",79 ,60 ,71 ,<-,20년
,"1,372 ",100 ,81 ,53 ,<-,21년
,"1,431 ",72 ,46 ,0 ,<-,22년
고려제약,520 ,35 ,66 ,58 ,<-,18년
,555 ,34 ,39 ,62 ,<-,19년
,668 ,110 ,74 ,123 ,<-,20년
,745 ,113 ,90 ,88 ,<-,21년
,800 ,143 ,118 ,59 ,<-,22년
메디아나,468 ,35 ,32 ,37 ,<-,18년
,484 ,77 ,67 ,122 ,<-,19년
,675 ,157 ,112 ,94 ,<-,20년
,568 ,83 ,88 ,121 ,<-,21년
,683 ,106 ,106 ,97 ,<-,22년
코데즈컴바인,293 ,48 ,35 ,28 ,<-,18년
,358 ,45 ,69 ,52 ,<-,19년
,325 ,37 ,57 ,40 ,<-,20년
,383 ,43 ,66 ,43 ,<-,21년
,391 ,39 ,76 ,33 ,<-,22년
흥국,"1,180 ",111 ,83 ,114 ,<-,18년
,"1,045 ",89 ,70 ,108 ,<-,19년
,"1,191 ",156 ,118 ,53 ,<-,20년
,"1,418 ",138 ,119 ,26 ,<-,21년
,"1,346 ",112 ,86 ,173 ,<-,22년
슈프리마아이디,181 ,52 ,36 ,47 ,<-,18년
,121 ,5 ,11 ,16 ,<-,19년
,84 ,-1 ,7 ,33 ,<-,20년
,145 ,30 ,33 ,20 ,<-,21년
,151 ,28 ,31 ,29 ,<-,22년
대주산업,841 ,34 ,17 ,-18 ,<-,18년
,843 ,27 ,18 ,58 ,<-,19년
,852 ,45 ,35 ,43 ,<-,20년
,844 ,26 ,38 ,23 ,<-,21년
,992 ,55 ,43 ,69 ,<-,22년
KX하이텍,610 ,42 ,46 ,20 ,<-,18년
,590 ,52 ,22 ,105 ,<-,19년
,747 ,73 ,16 ,7 ,<-,20년
,"1,049 ",87 ,49 ,110 ,<-,21년
,"1,564 ",123 ,145 ,138 ,<-,22년
TKG애강,650 ,100 ,75 ,137 ,<-,18년
,714 ,102 ,115 ,153 ,<-,19년
,590 ,55 ,25 ,109 ,<-,20년
,666 ,67 ,46 ,45 ,<-,21년
,761 ,45 ,46 ,22 ,<-,22년
에이텍,973 ,37 ,61 ,6 ,<-,18년
,993 ,44 ,64 ,67 ,<-,19년
,982 ,63 ,87 ,114 ,<-,20년
,703 ,30 ,61 ,12 ,<-,21년
,917 ,9 ,54 ,42 ,<-,22년
대륙제관,"1,963 ",56 ,36 ,52 ,<-,18년
,"1,973 ",84 ,54 ,195 ,<-,19년
,"2,122 ",157 ,120 ,181 ,<-,20년
,"2,359 ",76 ,76 ,-12 ,<-,21년
,"2,760 ",97 ,97 ,119 ,<-,22년
엘엠에스,"1,094 ",113 ,66 ,235 ,<-,18년
,"1,632 ",95 ,111 ,-58 ,<-,19년
,"1,197 ",-125 ,-185 ,111 ,<-,20년
,957 ,-64 ,21 ,66 ,<-,21년
,989 ,15 ,3 ,102 ,<-,22년
제룡산업,320 ,31 ,32 ,13 ,<-,18년
,271 ,15 ,25 ,38 ,<-,19년
,266 ,31 ,57 ,37 ,<-,20년
,374 ,68 ,75 ,61 ,<-,21년
,593 ,96 ,91 ,84 ,<-,22년
진양제약,469 ,15 ,9 ,11 ,<-,18년
,474 ,-2 ,16 ,72 ,<-,19년
,495 ,43 ,52 ,62 ,<-,20년
,628 ,70 ,95 ,20 ,<-,21년
,763 ,111 ,123 ,74 ,<-,22년
제너셈,260 ,-63 ,-80 ,-37 ,<-,18년
,387 ,31 ,31 ,53 ,<-,19년
,419 ,-10 ,-11 ,-43 ,<-,20년
,597 ,56 ,52 ,44 ,<-,21년
,596 ,85 ,122 ,85 ,<-,22년
코위버,551 ,-8 ,62 ,25 ,<-,18년
,"1,131 ",117 ,206 ,32 ,<-,19년
,809 ,32 ,54 ,103 ,<-,20년
,857 ,57 ,70 ,-37 ,<-,21년
,896 ,3 ,45 ,-141 ,<-,22년
슈프리마에이치큐,321 ,73 ,73 ,96 ,<-,18년
,262 ,20 ,82 ,42 ,<-,19년
,263 ,43 ,69 ,73 ,<-,20년
,309 ,67 ,121 ,62 ,<-,21년
,324 ,66 ,137 ,67 ,<-,22년
태양,"1,367 ",-14 ,18 ,54 ,<-,18년
,"1,418 ",70 ,74 ,194 ,<-,19년
,"1,415 ",93 ,70 ,165 ,<-,20년
,"1,500 ",25 ,48 ,44 ,<-,21년
,"1,742 ",74 ,66 ,119 ,<-,22년
디에이피,"3,041 ",116 ,75 ,349 ,<-,18년
,"2,705 ",8 ,10 ,144 ,<-,19년
,"3,013 ",82 ,50 ,206 ,<-,20년
,"3,079 ",77 ,82 ,183 ,<-,21년
,"3,337 ",90 ,53 ,150 ,<-,22년
알톤스포츠,491 ,-12 ,-23 ,12 ,<-,18년
,312 ,-106 ,-122 ,53 ,<-,19년
,449 ,53 ,56 ,40 ,<-,20년
,500 ,49 ,48 ,-6 ,<-,21년
,513 ,21 ,-7 ,19 ,<-,22년
한독크린텍,396 ,49 ,42 ,28 ,<-,18년
,484 ,61 ,48 ,53 ,<-,19년
,610 ,94 ,82 ,70 ,<-,20년
,527 ,49 ,46 ,34 ,<-,21년
,591 ,51 ,51 ,31 ,<-,22년
오디텍,452 ,11 ,35 ,45 ,<-,18년
,416 ,12 ,21 ,28 ,<-,19년
,422 ,13 ,55 ,67 ,<-,20년
,469 ,26 ,41 ,30 ,<-,21년
,404 ,-34 ,-41 ,35 ,<-,22년
파버나인,"1,124 ",57 ,47 ,-27 ,<-,18년
,"1,036 ",-49 ,-126 ,27 ,<-,19년
,"1,288 ",85 ,43 ,219 ,<-,20년
,"1,263 ",59 ,69 ,36 ,<-,21년
,"1,180 ",112 ,73 ,26 ,<-,22년
케이엠,"1,183 ",52 ,46 ,22 ,<-,18년
,"1,276 ",72 ,64 ,78 ,<-,19년
,"1,879 ",426 ,327 ,294 ,<-,20년
,"1,432 ",83 ,74 ,-23 ,<-,21년
,"1,516 ",69 ,77 ,122 ,<-,22년
배럴,501 ,67 ,44 ,19 ,<-,18년
,599 ,85 ,69 ,73 ,<-,19년
,267 ,-75 ,-62 ,-87 ,<-,20년
,215 ,-77 ,-70 ,19 ,<-,21년
,380 ,-43 ,-59 ,-22 ,<-,22년
대유에이피,"1,940 ",104 ,80 ,158 ,<-,18년
,"1,575 ",101 ,80 ,-48 ,<-,19년
,"1,718 ",141 ,58 ,210 ,<-,20년
,"1,790 ",114 ,82 ,59 ,<-,21년
,"2,260 ",223 ,239 ,199 ,<-,22년
지엔씨에너지,"1,261 ",65 ,74 ,96 ,<-,18년
,"1,683 ",91 ,81 ,1 ,<-,19년
,"1,610 ",68 ,6 ,173 ,<-,20년
,"1,225 ",69 ,38 ,139 ,<-,21년
,"1,485 ",61 ,260 ,-307 ,<-,22년
영우디에스피,"1,463 ",-143 ,-182 ,19 ,<-,18년
,975 ,136 ,-16 ,-214 ,<-,19년
,"1,016 ",79 ,77 ,104 ,<-,20년
,796 ,85 ,88 ,56 ,<-,21년
,495 ,-164 ,-257 ,-15 ,<-,22년
에이텍티앤,"1,186 ",78 ,58 ,87 ,<-,18년
,"1,280 ",52 ,50 ,222 ,<-,19년
,"1,184 ",47 ,39 ,3 ,<-,20년
,"1,318 ",59 ,49 ,130 ,<-,21년
,"1,505 ",65 ,62 ,154 ,<-,22년
멕아이씨에스,87 ,-18 ,-28 ,-16 ,<-,18년
,129 ,-2 ,-17 ,-11 ,<-,19년
,681 ,303 ,241 ,35 ,<-,20년
,493 ,106 ,91 ,81 ,<-,21년
,288 ,-18 ,-28 ,57 ,<-,22년
서전기전,573 ,51 ,34 ,55 ,<-,18년
,611 ,11 ,13 ,28 ,<-,19년
,614 ,30 ,25 ,80 ,<-,20년
,525 ,-26 ,-24 ,-37 ,<-,21년
,507 ,-29 ,-32 ,-38 ,<-,22년
네오티스,452 ,47 ,32 ,52 ,<-,18년
,424 ,34 ,15 ,32 ,<-,19년
,380 ,37 ,4 ,79 ,<-,20년
,660 ,97 ,77 ,67 ,<-,21년
,804 ,117 ,67 ,84 ,<-,22년
코맥스,"1,444 ",55 ,30 ,12 ,<-,18년
,"1,431 ",64 ,39 ,32 ,<-,19년
,"1,304 ",1 ,-14 ,56 ,<-,20년
,"1,414 ",-122 ,-141 ,8 ,<-,21년
,"1,560 ",-51 ,-52 ,-56 ,<-,22년
씨큐브,414 ,50 ,45 ,56 ,<-,18년
,447 ,77 ,59 ,58 ,<-,19년
,370 ,41 ,36 ,37 ,<-,20년
,400 ,41 ,35 ,50 ,<-,21년
,463 ,65 ,54 ,99 ,<-,22년
화신정공,"2,119 ",15 ,11 ,88 ,<-,18년
,"2,311 ",40 ,35 ,109 ,<-,19년
,"2,471 ",66 ,48 ,159 ,<-,20년
,"2,547 ",55 ,45 ,34 ,<-,21년
,"3,179 ",93 ,71 ,169 ,<-,22년
TPC,"1,046 ",32 ,41 ,9 ,<-,18년
,"1,011 ",2 ,-41 ,13 ,<-,19년
,886 ,20 ,41 ,48 ,<-,20년
,870 ,21 ,20 ,7 ,<-,21년
,943 ,9 ,3 ,-16 ,<-,22년
대동기어,"1,320 ",30 ,2 ,113 ,<-,18년
,"1,431 ",32 ,-6 ,61 ,<-,19년
,"1,564 ",50 ,23 ,125 ,<-,20년
,"2,029 ",75 ,48 ,4 ,<-,21년
,"2,421 ",76 ,42 ,18 ,<-,22년
인산가,252 ,42 ,-9 ,28 ,<-,18년
,259 ,40 ,32 ,38 ,<-,19년
,305 ,57 ,48 ,57 ,<-,20년
,383 ,82 ,64 ,95 ,<-,21년
,335 ,47 ,38 ,1 ,<-,22년
한일화학,"1,529 ",46 ,28 ,134 ,<-,18년
,"1,087 ",23 ,17 ,106 ,<-,19년
,868 ,15 ,-13 ,43 ,<-,20년
,"1,139 ",5 ,227 ,-71 ,<-,21년
,"1,563 ",49 ,40 ,-64 ,<-,22년
알로이스,218 ,23 ,21 ,-27 ,<-,18년
,302 ,42 ,-40 ,-11 ,<-,19년
,256 ,44 ,35 ,61 ,<-,20년
,367 ,70 ,55 ,16 ,<-,21년
,287 ,43 ,61 ,8 ,<-,22년
에스에이티,"1,339 ",73 ,68 ,102 ,<-,18년
,"1,402 ",100 ,95 ,144 ,<-,19년
,"1,252 ",62 ,40 ,33 ,<-,20년
,"1,631 ",71 ,64 ,65 ,<-,21년
,"1,744 ",111 ,90 ,122 ,<-,22년
KBI메탈,"4,638 ",53 ,44 ,193 ,<-,18년
,"4,948 ",103 ,68 ,-49 ,<-,19년
,"4,922 ",108 ,24 ,102 ,<-,20년
,"6,830 ",135 ,-7 ,-192 ,<-,21년
,"7,105 ",54 ,24 ,83 ,<-,22년
크린앤사이언스,952 ,81 ,69 ,43 ,<-,18년
,"1,183 ",109 ,81 ,83 ,<-,19년
,"1,505 ",189 ,134 ,212 ,<-,20년
,"1,217 ",-27 ,-73 ,112 ,<-,21년
,860 ,-109 ,-163 ,6 ,<-,22년
우리이앤엘,"1,429 ",46 ,20 ,76 ,<-,18년
,"1,332 ",36 ,48 ,104 ,<-,19년
,"1,223 ",34 ,-15 ,152 ,<-,20년
,"1,557 ",135 ,179 ,147 ,<-,21년
,"1,362 ",27 ,53 ,284 ,<-,22년
원풍,683 ,11 ,20 ,29 ,<-,18년
,729 ,27 ,19 ,77 ,<-,19년
,736 ,51 ,36 ,72 ,<-,20년
,889 ,39 ,52 ,46 ,<-,21년
,895 ,78 ,85 ,128 ,<-,22년
마이크로프랜드,406 ,-31 ,-19 ,63 ,<-,18년
,367 ,-28 ,-46 ,27 ,<-,19년
,510 ,49 ,64 ,100 ,<-,20년
,605 ,102 ,79 ,101 ,<-,21년
,382 ,-52 ,-39 ,-24 ,<-,22년
폴라리스우노,445 ,9 ,-23 ,23 ,<-,18년
,424 ,11 ,-5 ,-73 ,<-,19년
,489 ,53 ,18 ,72 ,<-,20년
,670 ,58 ,47 ,1 ,<-,21년
,970 ,75 ,37 ,144 ,<-,22년
신화콘텍,387 ,-4 ,-8 ,80 ,<-,18년
,443 ,-7 ,-27 ,12 ,<-,19년
,444 ,6 ,3 ,3 ,<-,20년
,439 ,24 ,34 ,58 ,<-,21년
,449 ,40 ,47 ,89 ,<-,22년
한국큐빅,"1,643 ",32 ,8 ,28 ,<-,18년
,"1,568 ",60 ,33 ,82 ,<-,19년
,"1,707 ",118 ,105 ,156 ,<-,20년
,"1,721 ",91 ,75 ,17 ,<-,21년
,"2,100 ",91 ,65 ,94 ,<-,22년
네오오토,"1,152 ",24 ,58 ,215 ,<-,18년
,"1,184 ",8 ,25 ,140 ,<-,19년
,"1,175 ",30 ,35 ,151 ,<-,20년
,"1,424 ",59 ,66 ,171 ,<-,21년
,"1,640 ",80 ,79 ,265 ,<-,22년
백금T&A,"1,122 ",65 ,60 ,84 ,<-,18년
,"1,556 ",185 ,88 ,401 ,<-,19년
,"1,328 ",61 ,-8 ,-70 ,<-,20년
,"1,565 ",100 ,98 ,17 ,<-,21년
,"1,476 ",153 ,113 ,107 ,<-,22년
SG,"1,423 ",151 ,96 ,-246 ,<-,18년
,"1,328 ",128 ,96 ,-92 ,<-,19년
,759 ,45 ,-14 ,205 ,<-,20년
,701 ,-23 ,-129 ,-95 ,<-,21년
,899 ,6 ,24 ,14 ,<-,22년
GH신소재,653 ,7 ,4 ,9 ,<-,18년
,672 ,16 ,22 ,32 ,<-,19년
,595 ,9 ,1 ,3 ,<-,20년
,667 ,22 ,24 ,4 ,<-,21년
,869 ,32 ,44 ,6 ,<-,22년
아이컴포넌트,257 ,-34 ,-31 ,-1 ,<-,18년
,290 ,-15 ,-12 ,15 ,<-,19년
,291 ,17 ,4 ,40 ,<-,20년
,353 ,20 ,27 ,44 ,<-,21년
,353 ,29 ,32 ,96 ,<-,22년
이노인스트루먼트,499 ,-49 ,-42 ,-38 ,<-,18년
,435 ,-175 ,-243 ,-5 ,<-,19년
,420 ,31 ,53 ,43 ,<-,20년
,472 ,74 ,102 ,47 ,<-,21년
,499 ,29 ,56 ,66 ,<-,22년
유니온커뮤니티,360 ,32 ,36 ,33 ,<-,18년
,410 ,35 ,41 ,43 ,<-,19년
,438 ,24 ,22 ,67 ,<-,20년
,390 ,3 ,23 ,11 ,<-,21년
,463 ,13 ,22 ,-21 ,<-,22년
세화피앤씨,277 ,7 ,11 ,-28 ,<-,18년
,292 ,5 ,6 ,25 ,<-,19년
,366 ,52 ,43 ,81 ,<-,20년
,397 ,54 ,49 ,64 ,<-,21년
,379 ,8 ,13 ,20 ,<-,22년
신진에스엠,562 ,41 ,30 ,72 ,<-,18년
,518 ,30 ,24 ,57 ,<-,19년
,484 ,-2 ,-11 ,62 ,<-,20년
,611 ,41 ,46 ,43 ,<-,21년
,663 ,67 ,45 ,83 ,<-,22년
삼영엠텍,691 ,8 ,13 ,28 ,<-,18년
,698 ,31 ,35 ,99 ,<-,19년
,680 ,9 ,70 ,82 ,<-,20년
,698 ,8 ,-77 ,-39 ,<-,21년
,907 ,-32 ,-87 ,26 ,<-,22년
성우테크론,395 ,72 ,54 ,78 ,<-,18년
,330 ,22 ,45 ,0 ,<-,19년
,379 ,43 ,39 ,94 ,<-,20년
,439 ,55 ,56 ,86 ,<-,21년
,444 ,48 ,48 ,48 ,<-,22년
피델릭스,754 ,36 ,35 ,-34 ,<-,18년
,560 ,-5 ,-12 ,-37 ,<-,19년
,587 ,-37 ,-52 ,157 ,<-,20년
,776 ,38 ,29 ,71 ,<-,21년
,726 ,63 ,82 ,8 ,<-,22년
케이씨피드,637 ,4 ,10 ,-29 ,<-,18년
,643 ,-17 ,-65 ,4 ,<-,19년
,657 ,14 ,11 ,28 ,<-,20년
,757 ,45 ,43 ,46 ,<-,21년
,885 ,49 ,42 ,8 ,<-,22년
기산텔레콤,564 ,-29 ,-33 ,-46 ,<-,18년
,671 ,40 ,35 ,82 ,<-,19년
,688 ,4 ,3 ,24 ,<-,20년
,619 ,-10 ,-7 ,13 ,<-,21년
,678 ,46 ,36 ,-38 ,<-,22년
에스폴리텍,"1,369 ",38 ,15 ,-20 ,<-,18년
,"1,350 ",149 ,107 ,234 ,<-,19년
,"1,352 ",142 ,77 ,37 ,<-,20년
,"1,098 ",44 ,53 ,201 ,<-,21년
,825 ,-16 ,-28 ,111 ,<-,22년
풍강,790 ,7 ,8 ,55 ,<-,18년
,815 ,15 ,12 ,65 ,<-,19년
,639 ,2 ,2 ,95 ,<-,20년
,768 ,42 ,44 ,67 ,<-,21년
,834 ,30 ,44 ,84 ,<-,22년
부스타,819 ,20 ,30 ,-10 ,<-,18년
,965 ,33 ,35 ,28 ,<-,19년
,"1,006 ",59 ,55 ,57 ,<-,20년
,982 ,0 ,23 ,44 ,<-,21년
,919 ,-33 ,-12 ,-6 ,<-,22년
빛샘전자,474 ,16 ,17 ,39 ,<-,18년
,464 ,19 ,19 ,73 ,<-,19년
,475 ,11 ,11 ,45 ,<-,20년
,818 ,40 ,42 ,12 ,<-,21년
,930 ,25 ,22 ,56 ,<-,22년
바이오로그디바이스,815 ,80 ,58 ,6 ,<-,18년
,904 ,70 ,61 ,247 ,<-,19년
,918 ,-43 ,-169 ,62 ,<-,20년
,838 ,-67 ,-79 ,-32 ,<-,21년
,"1,065 ",4 ,4 ,48 ,<-,22년
피앤씨테크,228 ,18 ,23 ,-10 ,<-,18년
,214 ,23 ,28 ,45 ,<-,19년
,196 ,11 ,22 ,34 ,<-,20년
,217 ,20 ,34 ,31 ,<-,21년
,220 ,24 ,29 ,21 ,<-,22년
메디앙스,"1,078 ",34 ,32 ,26 ,<-,18년
,973 ,-1 ,326 ,109 ,<-,19년
,745 ,-4 ,40 ,-55 ,<-,20년
,715 ,45 ,44 ,85 ,<-,21년
,714 ,16 ,-117 ,22 ,<-,22년
티피씨글로벌,784 ,11 ,23 ,14 ,<-,18년
,847 ,5 ,-28 ,64 ,<-,19년
,793 ,8 ,20 ,38 ,<-,20년
,804 ,5 ,-49 ,36 ,<-,21년
,813 ,-16 ,22 ,-2 ,<-,22년
에이치케이,555 ,10 ,14 ,-20 ,<-,18년
,550 ,9 ,8 ,42 ,<-,19년
,555 ,14 ,12 ,107 ,<-,20년
,718 ,44 ,55 ,62 ,<-,21년
,814 ,58 ,43 ,-9 ,<-,22년
에스티오,883 ,5 ,-3 ,94 ,<-,18년
,851 ,54 ,33 ,-32 ,<-,19년
,684 ,-11 ,-27 ,19 ,<-,20년
,645 ,3 ,3 ,125 ,<-,21년
,732 ,30 ,16 ,41 ,<-,22년
케이피티유,251 ,16 ,23 ,5 ,<-,18년
,243 ,6 ,-8 ,25 ,<-,19년
,259 ,8 ,-31 ,6 ,<-,20년
,315 ,12 ,61 ,12 ,<-,21년
,369 ,14 ,20 ,0 ,<-,22년
세진티에스,209 ,-14 ,-24 ,16 ,<-,18년
,212 ,-3 ,-21 ,12 ,<-,19년
,327 ,46 ,42 ,63 ,<-,20년
,270 ,21 ,29 ,42 ,<-,21년
,165 ,-19 ,-6 ,23 ,<-,22년
엘디티,72 ,3 ,4 ,9 ,<-,18년
,70 ,-13 ,-14 ,1 ,<-,19년
,121 ,16 ,13 ,17 ,<-,20년
,124 ,19 ,22 ,4 ,<-,21년
,117 ,15 ,20 ,33 ,<-,22년
